workload,tokens_per_rank,retained_context_C,row_macrobatch_size,new_selected_path,old_default_fwd_config,old_default_fwd_latency_ms,old_default_fwd_derived_aggregate_useful_gbps,old_default_fwd_derived_per_gpu_useful_gbps,old_default_bwd_config,old_default_bwd_latency_ms,old_default_bwd_derived_aggregate_useful_gbps,old_default_bwd_derived_per_gpu_useful_gbps,old_default_fwd_bwd_config,old_default_fwd_bwd_latency_ms,old_default_fwd_bwd_derived_aggregate_useful_gbps,old_default_fwd_bwd_derived_per_gpu_useful_gbps,old_tuned_fwd_config,old_tuned_fwd_latency_ms,old_tuned_fwd_derived_aggregate_useful_gbps,old_tuned_fwd_derived_per_gpu_useful_gbps,old_tuned_bwd_config,old_tuned_bwd_latency_ms,old_tuned_bwd_derived_aggregate_useful_gbps,old_tuned_bwd_derived_per_gpu_useful_gbps,old_tuned_fwd_bwd_config,old_tuned_fwd_bwd_latency_ms,old_tuned_fwd_bwd_derived_aggregate_useful_gbps,old_tuned_fwd_bwd_derived_per_gpu_useful_gbps,new_selected_fwd_config,new_selected_fwd_latency_ms,new_selected_fwd_derived_aggregate_useful_gbps,new_selected_fwd_derived_per_gpu_useful_gbps,new_selected_bwd_config,new_selected_bwd_latency_ms,new_selected_bwd_derived_aggregate_useful_gbps,new_selected_bwd_derived_per_gpu_useful_gbps,new_selected_fwd_bwd_config,new_selected_fwd_bwd_latency_ms,new_selected_fwd_bwd_derived_aggregate_useful_gbps,new_selected_fwd_bwd_derived_per_gpu_useful_gbps,new_vs_old_default_fwd_speedup_x,new_vs_old_default_fwd_paired_median_delta_percent,new_vs_old_default_fwd_paired_p90_delta_percent,new_vs_old_default_fwd_stable_win,new_vs_old_default_bwd_speedup_x,new_vs_old_default_bwd_paired_median_delta_percent,new_vs_old_default_bwd_paired_p90_delta_percent,new_vs_old_default_bwd_stable_win,new_vs_old_default_fwd_bwd_speedup_x,new_vs_old_default_fwd_bwd_paired_median_delta_percent,new_vs_old_default_fwd_bwd_paired_p90_delta_percent,new_vs_old_default_fwd_bwd_stable_win,new_vs_old_tuned_fwd_speedup_x,new_vs_old_tuned_fwd_paired_median_delta_percent,new_vs_old_tuned_fwd_paired_p90_delta_percent,new_vs_old_tuned_fwd_stable_win,new_vs_old_tuned_bwd_speedup_x,new_vs_old_tuned_bwd_paired_median_delta_percent,new_vs_old_tuned_bwd_paired_p90_delta_percent,new_vs_old_tuned_bwd_stable_win,new_vs_old_tuned_fwd_bwd_speedup_x,new_vs_old_tuned_fwd_bwd_paired_median_delta_percent,new_vs_old_tuned_fwd_bwd_paired_p90_delta_percent,new_vs_old_tuned_fwd_bwd_stable_win
20k,20480,217088,4096,ep8_full_context_fine,F kernelB=4096 mini/SM=4096/40,13.480303764343262,1742.0952852796563,217.76191065995704,B ringB=4096 mini/SM=4096/28,48.00566482543945,489.43058077489957,61.178822596862446,F kernelB=4096 mini/SM=4096/40; B ringB=4096 mini/SM=4096/28,61.480369567871094,764.1368192515043,95.51710240643804,F kernelB=4096 mini/SM=1024/36,9.62449598312378,2440.0211370214433,305.0026421276804,B ringB=4096 mini/SM=4096/38,46.96859169006348,500.2372770944848,62.5296596368106,F kernelB=4096 mini/SM=1024/38; B ringB=4096 mini/SM=4096/38,56.603118896484375,829.9792478558614,103.74740598198268,path=ep8_full_context_fine; F kernelB=217088 mini/SM=13568/52,6.311376094818115,3720.895931282126,465.1119914102658,path=ep8_full_context_fine; B ringB=4096 mini/SM=2048/46,16.500704765319824,1423.905266481786,177.98815831022324,path=ep8_full_context_fine; F kernelB=217088 mini/SM=13568/52; B ringB=4096 mini/SM=2048/48,22.824079513549805,2058.3267780902215,257.2908472612777,2.135873946002222,-53.179862456221784,-52.756697757795166,True,2.90930996634367,-65.62103600253961,-65.52244453270336,True,2.6936626088851683,-62.8806947363855,-62.760376390694375,True,1.5249441387316254,-34.283997193917614,-33.32451193080081,True,2.8464597335732713,-64.87528121406584,-64.78628351408051,True,2.4799737865827716,-59.68106191909645,-59.61624897061176,True
20k,20480,217088,8192,ep8_full_context_fine,F kernelB=8192 mini/SM=4096/40,8.819728374481201,2662.6640452950896,332.8330056618862,B ringB=8192 mini/SM=4096/28,34.35902404785156,683.8215306487772,85.47769133109715,F kernelB=8192 mini/SM=4096/40; B ringB=8192 mini/SM=4096/28,43.17695999145508,1088.0667387721935,136.0083423465242,F kernelB=8192 mini/SM=2048/48,7.583008050918579,3096.9205721936737,387.1150715242092,B ringB=8192 mini/SM=4096/44,32.51985549926758,722.4952280777868,90.31190350972335,F kernelB=8192 mini/SM=2048/48; B ringB=8192 mini/SM=4096/44,40.098880767822266,1171.5891603064165,146.44864503830206,path=ep8_full_context_fine; F kernelB=217088 mini/SM=13568/52,6.2832159996032715,3737.5722294892935,467.1965286861617,path=ep8_full_context_fine; B ringB=8192 mini/SM=2048/46,12.281904220581055,1913.0128353084026,239.12660441355033,path=ep8_full_context_fine; F kernelB=217088 mini/SM=13568/50; B ringB=8192 mini/SM=2048/46,18.59585666656494,2526.3377154583177,315.7922144322897,1.4036965106783035,-28.913248973056426,-27.879901377819056,True,2.7975323232268328,-64.2580327657141,-64.19325649618698,True,2.3218591520489924,-56.909662361993526,-56.65862388008138,True,1.206867319442365,-17.252346436578136,-16.553784993227364,True,2.6477861181145954,-62.234440044059816,-62.16088083547599,True,2.156334149419393,-53.60991512892964,-53.30134669193006,True
20k,20480,217088,12288,ep8_full_context_fine,F kernelB=12288 mini/SM=4096/40,7.696975946426392,3051.064963104544,381.383120388068,B ringB=12288 mini/SM=4096/28,29.828783988952637,787.6767763882615,98.45959704853269,F kernelB=12288 mini/SM=4096/40; B ringB=12288 mini/SM=4096/28,37.57209587097168,1250.3804474824744,156.2975559353093,F kernelB=12288 mini/SM=4096/52,7.232815980911255,3246.8645260682106,405.8580657585263,B ringB=12288 mini/SM=4096/48,27.18160057067871,864.3876711713938,108.04845889642422,F kernelB=12288 mini/SM=4096/52; B ringB=12288 mini/SM=4096/48,34.415103912353516,1365.0812784887871,170.6351598110984,path=ep8_full_context_fine; F kernelB=217088 mini/SM=13568/52,6.288991928100586,3734.139572841315,466.76744660516437,path=ep8_full_context_fine; B ringB=12288 mini/SM=4096/52,10.452991962432861,2247.723953145717,280.96549414321464,path=ep8_full_context_fine; F kernelB=217088 mini/SM=13568/52; B ringB=12288 mini/SM=4096/52,16.72862434387207,2808.3250052302847,351.0406256537856,1.2238807164045842,-18.446617088301785,-17.258268078481578,True,2.8536120659189903,-64.94649817575399,-64.76436614270837,True,2.2459764233234676,-55.46873151182779,-55.10951134523289,True,1.1500755707116521,-12.84144537627634,-11.3858204166022,True,2.6003655860797563,-61.52771785249885,-61.364121187153025,True,2.0572584574152537,-51.36643823265142,-51.114263196057216,True
20k,20480,217088,16384,ep8_full_context_fine,F kernelB=16384 mini/SM=4096/40,7.612400054931641,3084.963147304124,385.6203934130155,B ringB=16384 mini/SM=4096/28,27.100719451904297,866.9674049686174,108.37092562107718,F kernelB=16384 mini/SM=4096/40; B ringB=16384 mini/SM=4096/28,34.68239974975586,1354.5606528663202,169.32008160829002,F kernelB=16384 mini/SM=4096/52,6.889456033706665,3408.683286039515,426.0854107549394,B ringB=16384 mini/SM=4096/50,24.65539264678955,952.9534066884718,119.11917583605897,F kernelB=16384 mini/SM=4096/52; B ringB=16384 mini/SM=4096/50,31.552480697631836,1488.9293332655784,186.1161666581973,path=ep8_full_context_fine; F kernelB=217088 mini/SM=13568/52,6.261919975280762,3750.28325572734,468.7854069659175,path=ep8_full_context_fine; B ringB=16384 mini/SM=4096/52,10.390496253967285,2261.24333638338,282.6554170479225,path=ep8_full_context_fine; F kernelB=217088 mini/SM=13568/52; B ringB=16384 mini/SM=4096/54,16.681471824645996,2816.2631296472528,352.0328912059066,1.215665496362452,-17.61858187309423,-16.83755070501647,True,2.6082218586582653,-61.641124703753604,-61.54400754524994,True,2.0790971033212093,-51.87596107750868,-51.74969360733774,True,1.100214640382364,-9.279185531756013,-7.839064837083974,True,2.372879220025286,-57.8579294268488,-57.71238286758046,True,1.891468632343023,-47.07525277115863,-46.848351273861766,True
20k,20480,217088,20480,ep8_full_context_fine,F kernelB=20480 mini/SM=4096/40,7.5463361740112305,3111.970244961559,388.99628062019485,B ringB=20480 mini/SM=4096/28,25.589759826660156,918.1579106311801,114.76973882889752,F kernelB=20480 mini/SM=4096/40; B ringB=20480 mini/SM=4096/28,33.157087326049805,1416.8739728561957,177.10924660702446,F kernelB=20480 mini/SM=4096/50,6.847007989883423,3429.8154269277898,428.7269283659737,B ringB=20480 mini/SM=4096/52,22.758928298950195,1032.3614586493416,129.0451823311677,F kernelB=20480 mini/SM=4096/52; B ringB=20480 mini/SM=4096/56,29.577712059020996,1588.33833916074,198.5422923950925,path=ep8_full_context_fine; F kernelB=217088 mini/SM=13568/52,6.28982400894165,3733.645583503616,466.705697937952,path=ep8_full_context_fine; B ringB=20480 mini/SM=4096/52,10.316271781921387,2277.5127403268175,284.6890925408522,path=ep8_full_context_fine; F kernelB=217088 mini/SM=13568/52; B ringB=20480 mini/SM=4096/52,16.579471588134766,2833.589345611063,354.1986682013829,1.1997690497036666,-16.748134047964953,-15.565905953656593,True,2.480524007859563,-59.67906953209805,-59.47611116809455,True,1.9998880633674083,-49.86962028229359,-49.55897371043721,True,1.0885849874574673,-7.96419241151935,-6.789240890666608,True,2.2061194954977608,-54.661084771636965,-54.588617730204696,True,1.7839960641561416,-43.900040413607705,-43.56929486151597,True
20k,20480,217088,28672,ep8_full_context_fine,F kernelB=28672 mini/SM=4096/40,7.504719972610474,3129.227168729553,391.1533960911941,B ringB=28672 mini/SM=4096/28,23.32203197479248,1007.435391624321,125.92942395304013,F kernelB=28672 mini/SM=4096/40; B ringB=28672 mini/SM=4096/28,30.844463348388672,1523.106870668062,190.38835883350774,F kernelB=28672 mini/SM=4096/50,6.713328123092651,3498.11199473765,437.26399934220626,B ringB=28672 mini/SM=4096/56,20.519424438476562,1145.034086430954,143.12926080386924,F kernelB=28672 mini/SM=4096/52; B ringB=28672 mini/SM=4096/56,27.156399726867676,1729.9573772851807,216.24467216064758,path=ep8_full_context_fine; F kernelB=217088 mini/SM=13568/52,6.2858240604400635,3736.021467701709,467.0026834627136,path=ep8_full_context_fine; B ringB=28672 mini/SM=4096/50,9.979712009429932,2354.3204847794123,294.29006059742653,path=ep8_full_context_fine; F kernelB=217088 mini/SM=13568/52; B ringB=28672 mini/SM=4096/50,16.304287910461426,2881.4146503053526,360.17683128816907,1.1939118722462423,-16.122280035985202,-15.511199944485021,True,2.3369443880500014,-57.2007774740098,-56.87951831427815,True,1.8918007040710891,-47.248298893307435,-46.9173198527735,True,1.0680108222155138,-6.499889869898828,-5.170041048411186,True,2.056113885760185,-51.298565200012376,-51.015669159561185,True,1.6655986373647842,-39.97820987295002,-39.71414262525569,True
20k,20480,217088,32768,ep8_full_context_fine,F kernelB=32768 mini/SM=4096/40,7.440288066864014,3156.325860095118,394.54073251188976,B ringB=32768 mini/SM=4096/28,22.76200008392334,1032.222139063899,129.02776738298738,F kernelB=32768 mini/SM=4096/40; B ringB=32768 mini/SM=4096/28,30.185808181762695,1556.3411045718983,194.5426380714873,F kernelB=32768 mini/SM=4096/52,6.619760036468506,3547.5566338697945,443.4445792337243,B ringB=32768 mini/SM=4096/54,19.7260799407959,1191.08512621449,148.88564077681124,F kernelB=32768 mini/SM=4096/52; B ringB=32768 mini/SM=4096/54,26.33787250518799,1783.7209151478,222.965114393475,path=ep8_full_context_fine; F kernelB=217088 mini/SM=13568/52,6.302639961242676,3726.0534913007664,465.7566864125958,path=ep8_full_context_fine; B ringB=32768 mini/SM=4096/50,9.957839965820312,2359.4916665307624,294.9364583163453,path=ep8_full_context_fine; F kernelB=217088 mini/SM=13568/52; B ringB=32768 mini/SM=4096/50,16.262720108032227,2888.7795975039053,361.09744968798816,1.1805034259639084,-15.470386327823748,-14.262640721856027,True,2.2858371054417965,-56.251275362402225,-55.98422429474604,True,1.8561352578929153,-46.124937223792,-45.867596135631636,True,1.050315435623155,-5.0637329603386405,-3.7983733673887787,True,1.9809597270597321,-49.534374921023534,-49.4250564455964,True,1.6195244295066975,-38.32163184287596,-38.00685670049108,True
20k,20480,217088,36864,ep8_full_context_fine,F kernelB=36864 mini/SM=4096/40,7.250864028930664,3238.7827903405528,404.8478487925691,B ringB=36864 mini/SM=4096/28,21.938960075378418,1070.9459489088722,133.86824361360902,F kernelB=36864 mini/SM=4096/40; B ringB=36864 mini/SM=4096/28,29.233792304992676,1607.024280595188,200.8780350743985,F kernelB=36864 mini/SM=4096/52,6.488911867141724,3619.092709660174,452.38658870752175,B ringB=36864 mini/SM=4096/56,18.86718463897705,1245.3071756907282,155.66339696134102,F kernelB=36864 mini/SM=4096/52; B ringB=36864 mini/SM=4096/54,25.433039665222168,1847.1804655045198,230.89755818806498,path=ep8_full_context_fine; F kernelB=217088 mini/SM=13568/52,6.292896032333374,3731.8229176737664,466.4778647092208,path=ep8_full_context_fine; B ringB=36864 mini/SM=4096/50,9.9344162940979,2365.0549484179346,295.6318685522418,path=ep8_full_context_fine; F kernelB=217088 mini/SM=13568/52; B ringB=36864 mini/SM=4096/50,16.197711944580078,2900.3734730398014,362.5466841299752,1.152230068902327,-13.377936310954203,-12.385622025873248,True,2.2083793779019,-54.703932212312964,-54.5473043303072,True,1.8048099882881672,-44.54606217176044,-44.1912534508912,True,1.0311487483348216,-3.325070912057865,-2.0217752897249364,True,1.8991739504802274,-47.32916979496678,-47.22576596623036,True,1.5701624866672805,-36.35343126944288,-35.89823198736337,True
20k,20480,217088,40960,ep8_full_context_fine,F kernelB=40960 mini/SM=4096/40,7.5878400802612305,3094.9484153060203,386.86855191325253,B ringB=40960 mini/SM=4096/28,21.725936889648438,1081.446592399643,135.18082404995536,F kernelB=40960 mini/SM=4096/40; B ringB=40960 mini/SM=4096/28,29.32420825958252,1602.0693084747868,200.25866355934835,F kernelB=40960 mini/SM=4096/52,6.72107195854187,3494.081565687451,436.7601957109314,B ringB=40960 mini/SM=4096/52,18.84979248046875,1246.456184615552,155.807023076944,F kernelB=40960 mini/SM=4096/52; B ringB=40960 mini/SM=4096/52,25.60094451904297,1835.065655997766,229.38320699972076,path=ep8_full_context_fine; F kernelB=217088 mini/SM=13568/52,6.2700159549713135,3745.4408091864966,468.1801011483121,path=ep8_full_context_fine; B ringB=40960 mini/SM=4096/52,10.22547197341919,2297.7365227811197,287.21706534763996,path=ep8_full_context_fine; F kernelB=217088 mini/SM=13568/52; B ringB=40960 mini/SM=4096/50,16.222623825073242,2895.9195845612785,361.9899480701598,1.2101787514982403,-17.443825158307703,-16.452296482911176,True,2.1246879308969175,-52.90644788432278,-52.66523336722241,True,1.8076119236803005,-44.69743891577877,-44.43357983077234,True,1.0719385734916556,-6.809899402336555,-5.262534639876997,True,1.8434153973008018,-45.712261732843416,-45.53897069864379,True,1.5781013475437218,-36.66648427124176,-36.22428224969706,True
20k,20480,217088,61440,ep8_full_context_fine,F kernelB=61440 mini/SM=4096/40,7.28108811378479,3225.3384748276,403.16730935345,B ringB=61440 mini/SM=4096/28,19.901007652282715,1180.6156163808616,147.5769520476077,F kernelB=61440 mini/SM=4096/40; B ringB=61440 mini/SM=4096/28,27.226672172546387,1725.4923315737058,215.68654144671322,F kernelB=61440 mini/SM=4096/50,6.562256097793579,3578.6432717699013,447.33040897123766,B ringB=61440 mini/SM=15360/50,16.513232231140137,1422.8250464311302,177.85313080389128,F kernelB=61440 mini/SM=4096/52; B ringB=61440 mini/SM=15360/50,23.101024627685547,2033.6506629103053,254.20633286378816,path=ep8_full_context_fine; F kernelB=217088 mini/SM=13568/52,6.268815994262695,3746.157751877364,468.2697189846705,path=ep8_full_context_fine; B ringB=61440 mini/SM=15360/50,8.71291208267212,2696.623148846729,337.0778936058411,path=ep8_full_context_fine; F kernelB=217088 mini/SM=13568/52; B ringB=61440 mini/SM=15360/48,15.24889612197876,3080.840322617645,385.10504032720564,1.1614774018648082,-13.849647613466981,-12.35953250776328,True,2.2840822291620526,-56.253828668521386,-55.958769210719126,True,1.7854847954078228,-44.00827324961202,-43.42309742008703,True,1.0468094938182018,-4.736211614551367,-1.9277428287950744,True,1.8952598252404007,-47.35527178925098,-47.025966842478994,True,1.5149309460105276,-34.09430756657323,-33.29720400312284,True
20k,20480,217088,65536,ep8_full_context_fine,F kernelB=65536 mini/SM=4096/40,7.483360052108765,3138.1589912117565,392.26987390146957,B ringB=65536 mini/SM=4096/28,19.65748882293701,1195.2411942152416,149.4051492769052,F kernelB=65536 mini/SM=4096/40; B ringB=65536 mini/SM=4096/28,27.187695503234863,1727.9660220709131,215.99575275886414,F kernelB=65536 mini/SM=4096/52,6.676336050033569,3517.4942447484977,439.6867805935622,B ringB=65536 mini/SM=16384/50,16.543776512145996,1420.1981269965947,177.52476587457434,F kernelB=65536 mini/SM=4096/52; B ringB=65536 mini/SM=16384/50,23.282687187194824,2017.783156655477,252.2228945819346,path=ep8_full_context_fine; F kernelB=217088 mini/SM=13568/52,6.24943995475769,3757.7725047380736,469.7215630922592,path=ep8_full_context_fine; B ringB=65536 mini/SM=16384/50,8.646944046020508,2717.1958429421156,339.64948036776445,path=ep8_full_context_fine; F kernelB=217088 mini/SM=13568/50; B ringB=65536 mini/SM=16384/50,14.972928047180176,3137.623709936117,392.2029637420146,1.1974449080691931,-16.064953601862832,-14.977820148284113,True,2.2733452093961186,-55.96847714329523,-55.44600311195093,True,1.8157901659291733,-44.995876607652356,-44.446964351767264,True,1.068309496269483,-5.973518706418207,-3.9967024431303897,True,1.913251250857783,-47.714531576244745,-47.14357519486587,True,1.5549855788948115,-35.59087531473466,-35.1455497316342,True
20k,20480,217088,69632,ep8_full_context_fine,F kernelB=69632 mini/SM=4096/40,7.773695945739746,3020.9534558487626,377.6191819810953,B ringB=69632 mini/SM=4096/28,19.519968032836914,1203.661828568339,150.45772857104237,F kernelB=69632 mini/SM=4096/40; B ringB=69632 mini/SM=4096/28,27.192288398742676,1727.67416111151,215.95927013893876,F kernelB=69632 mini/SM=17408/52,6.740975856781006,3483.7646849567886,435.4705856195986,B ringB=69632 mini/SM=17408/54,16.3123197555542,1440.3494271867746,180.04367839834683,F kernelB=69632 mini/SM=4096/52; B ringB=69632 mini/SM=17408/54,23.07583999633789,2035.8701592425489,254.4837699053186,path=ep8_full_context_fine; F kernelB=217088 mini/SM=13568/52,6.2725279331207275,3743.94086122725,467.99260765340625,path=ep8_full_context_fine; B ringB=69632 mini/SM=17408/50,8.617535591125488,2726.468625229245,340.8085781536556,path=ep8_full_context_fine; F kernelB=217088 mini/SM=13568/52; B ringB=69632 mini/SM=17408/52,15.045711994171143,3122.4453895036863,390.3056736879608,1.2393242451249082,-19.204555424523072,-17.013067818859025,True,2.265145043664104,-55.81725229640925,-55.50149056893937,True,1.807311505715199,-44.6695715381738,-44.373516479151746,True,1.0746824770897776,-6.5867122982171065,-5.196439668045631,True,1.8929216575969765,-47.20280422369006,-46.754123974319285,True,1.5337153871666358,-34.884195326610126,-34.30145865738455,True
20k,20480,217088,81920,ep8_full_context_fine,F kernelB=81920 mini/SM=4096/40,7.378400087356567,3182.8002485581555,397.85003106976944,B ringB=81920 mini/SM=4096/28,18.433584213256836,1274.5996733018878,159.32495916273598,F kernelB=81920 mini/SM=4096/40; B ringB=81920 mini/SM=4096/28,25.8395357131958,1818.121446509135,227.26518081364188,F kernelB=81920 mini/SM=4096/52,6.269311904907227,3745.8614259753467,468.23267824691834,B ringB=81920 mini/SM=16384/54,15.123711585998535,1553.549886375245,194.19373579690563,F kernelB=81920 mini/SM=4096/52; B ringB=81920 mini/SM=16384/54,21.402112007141113,2195.0830848995024,274.3853856124378,path=ep8_full_context_fine; F kernelB=217088 mini/SM=13568/52,6.277631998062134,3740.896828493508,467.6121035616885,path=ep8_full_context_fine; B ringB=81920 mini/SM=16384/52,8.778464317321777,2676.4864065846346,334.5608008230793,path=ep8_full_context_fine; F kernelB=217088 mini/SM=13568/52; B ringB=81920 mini/SM=16384/52,15.063007831573486,3118.8600957590097,389.8575119698762,1.1753476612891984,-14.955481166186614,-13.464959798431735,True,2.0998643437991147,-52.31411829409196,-52.09469251534041,True,1.7154300125260304,-41.70198188649037,-41.15482811035374,True,0.9986746446498496,0.040036471058596534,0.7221734011104874,False,1.7228197369506002,-41.9410123914204,-41.3658716643146,True,1.4208392006728077,-29.603892507049434,-29.176169669290868,True
20k,20480,217088,102400,ep8_full_context_fine,F kernelB=102400 mini/SM=4096/40,7.648240089416504,3070.5068561454677,383.81335701818347,B ringB=102400 mini/SM=4096/28,17.63003158569336,1332.694175946138,166.58677199326726,F kernelB=102400 mini/SM=4096/40; B ringB=102400 mini/SM=4096/28,25.307168006896973,1856.3678889394769,232.0459861174346,F kernelB=102400 mini/SM=4096/52,6.71342396736145,3498.062053904486,437.2577567380608,B ringB=102400 mini/SM=12800/54,14.395599842071533,1632.126529895193,204.01581623689913,F kernelB=102400 mini/SM=4096/52; B ringB=102400 mini/SM=12800/54,21.11081600189209,2225.3717735870273,278.1714716983784,path=ep8_full_context_fine; F kernelB=217088 mini/SM=13568/52,6.266880035400391,3747.3150115118824,468.4143764389853,path=ep8_full_context_fine; B ringB=102400 mini/SM=12800/50,8.696080207824707,2701.842652607881,337.73033157598513,path=ep8_full_context_fine; F kernelB=217088 mini/SM=13568/50; B ringB=102400 mini/SM=12800/48,15.233488082885742,3083.9564643621984,385.4945580452748,1.2204222908709084,-17.972753645533686,-16.747684364463925,True,2.027353838092467,-50.6684777898532,-50.34052888236218,True,1.6612851809907303,-39.920119350288346,-39.276491280692625,True,1.071254584328824,-6.62429148997476,-5.048631652525332,True,1.6554124959793282,-39.45602710100346,-39.02575938652841,True,1.3858162941427254,-27.81828433932261,-27.024566961486236,True
20k,20480,217088,106496,ep8_full_context_fine,F kernelB=106496 mini/SM=4096/40,7.670527935028076,3061.5850474591934,382.6981309323992,B ringB=106496 mini/SM=4096/28,17.23033618927002,1363.6089370462485,170.45111713078106,F kernelB=106496 mini/SM=4096/40; B ringB=106496 mini/SM=4096/28,24.87228775024414,1888.8256086350102,236.10320107937628,F kernelB=106496 mini/SM=13312/52,6.750144004821777,3479.032982885236,434.8791228606545,B ringB=106496 mini/SM=13312/50,13.978400230407715,1680.8390108110889,210.1048763513861,F kernelB=106496 mini/SM=4096/52; B ringB=106496 mini/SM=13312/46,20.7108793258667,2268.3447336456356,283.54309170570446,path=ep8_full_context_fine; F kernelB=217088 mini/SM=13568/52,6.276079893112183,3741.821970394766,467.72774629934577,path=ep8_full_context_fine; B ringB=106496 mini/SM=13312/50,8.681967735290527,2706.234477294307,338.2793096617884,path=ep8_full_context_fine; F kernelB=217088 mini/SM=13568/52; B ringB=106496 mini/SM=13312/48,15.120928287506104,3106.9133557638424,388.3641694704803,1.2221845587794795,-18.05889993897774,-17.3547831205247,True,1.9846118661823655,-49.56506627026212,-49.34628624434185,True,1.6448915884876754,-39.25139986812204,-38.48284007499295,True,1.0755350664400984,-6.849212667985732,-6.115857382580762,True,1.6100497786450194,-37.91598266237907,-37.28363640488093,True,1.3696830599335212,-27.10125482275084,-26.11209471122047,True
20k,20480,217088,110592,ep8_full_context_fine,F kernelB=110592 mini/SM=4096/40,7.34932804107666,3195.3905854717636,399.42382318397046,B ringB=110592 mini/SM=4096/28,16.86788845062256,1392.9094020735495,174.11367525919368,F kernelB=110592 mini/SM=4096/40; B ringB=110592 mini/SM=4096/28,24.112656593322754,1948.3300757913782,243.54125947392228,F kernelB=110592 mini/SM=18432/52,6.255616188049316,3754.0624178420044,469.25780223025055,B ringB=110592 mini/SM=18432/46,13.29972791671753,1766.6106076099975,220.8263259512497,F kernelB=110592 mini/SM=4096/50; B ringB=110592 mini/SM=18432/52,19.616751670837402,2394.8620462907934,299.3577557863492,path=ep8_full_context_fine; F kernelB=217088 mini/SM=13568/52,6.277103900909424,3741.211552766819,467.65144409585236,path=ep8_full_context_fine; B ringB=110592 mini/SM=36864/50,8.406015872955322,2795.07447655338,349.3843095691725,path=ep8_full_context_fine; F kernelB=217088 mini/SM=13568/50; B ringB=110592 mini/SM=36864/50,14.725599765777588,3190.3226215057493,398.79032768821867,1.1708151015330324,-14.445428228530925,-13.548662039895458,True,2.006644848826853,-50.16154671326541,-49.59326199711547,True,1.6374651611380042,-39.028619278175206,-38.36483530170519,True,0.9965768110263407,0.5816671148164421,1.6619596001582255,False,1.582167832862028,-36.72240384926856,-35.76510161709012,True,1.3321529841132103,-24.78803165291938,-23.768289463376966,True
20k,20480,217088,114688,ep8_full_context_fine,F kernelB=114688 mini/SM=4096/40,7.3281919956207275,3204.606763309947,400.57584541374337,B ringB=114688 mini/SM=4096/28,16.7075834274292,1406.2740143153815,175.78425178942268,F kernelB=114688 mini/SM=4096/40; B ringB=114688 mini/SM=4096/28,23.975872039794922,1959.4454779381547,244.93068474226934,F kernelB=114688 mini/SM=16384/52,6.239696025848389,3763.640654082499,470.4550817603124,B ringB=114688 mini/SM=16384/52,13.07316780090332,1797.2262556269284,224.65328195336605,F kernelB=114688 mini/SM=16384/50; B ringB=114688 mini/SM=16384/52,19.456031799316406,2414.6452129899703,301.8306516237463,path=ep8_full_context_fine; F kernelB=217088 mini/SM=13568/52,6.276671886444092,3741.469055076626,467.68363188457823,path=ep8_full_context_fine; B ringB=114688 mini/SM=16384/48,8.890128135681152,2642.8685905773846,330.35857382217307,path=ep8_full_context_fine; F kernelB=217088 mini/SM=13568/50; B ringB=114688 mini/SM=16384/50,14.979087829589844,3136.3334391561802,392.04167989452253,1.1675282901831516,-14.400329875151696,-13.131146766494092,True,1.87934112674621,-46.82931010658082,-45.9096752674293,True,1.6006229693394773,-37.59136036046477,-36.70635853991113,True,0.9941090021488043,0.4109482313574997,1.2663274587467366,False,1.4705263637802075,-32.18457264426466,-30.993839288506646,True,1.2988796127413553,-23.181292167556805,-22.01470967364923,True
20k,20480,217088,126976,ep8_full_context_fine,F kernelB=126976 mini/SM=4096/40,7.346735954284668,3196.517988141929,399.5647485177411,B ringB=126976 mini/SM=4096/28,16.213808059692383,1449.1006880986704,181.1375860123338,F kernelB=126976 mini/SM=4096/40; B ringB=126976 mini/SM=4096/28,23.579679489135742,1992.3686439268865,249.04608049086082,F kernelB=126976 mini/SM=4096/52,6.242815971374512,3761.759715436465,470.2199644295581,B ringB=126976 mini/SM=15872/54,12.502031803131104,1879.3297590328978,234.91621987911222,F kernelB=126976 mini/SM=15872/52; B ringB=126976 mini/SM=15872/54,18.83035182952881,2494.8771256801083,311.85964071001354,path=ep8_full_context_fine; F kernelB=217088 mini/SM=13568/52,6.27507209777832,3742.422918186783,467.8028647733479,path=ep8_full_context_fine; B ringB=126976 mini/SM=15872/48,8.76646375656128,2680.150294172469,335.0187867715586,path=ep8_full_context_fine; F kernelB=217088 mini/SM=13568/50; B ringB=126976 mini/SM=15872/48,15.095615863800049,3112.1230476365463,389.0153809545683,1.170781122480771,-14.701703457154093,-13.51589048685761,True,1.8495266175665328,-45.95617791021431,-45.03712695956731,True,1.5620216956951622,-36.0157641946888,-35.59570269830526,True,0.9948596405107076,0.49328068530229974,2.1203529800330783,False,1.4261202863895868,-29.840814654156517,-29.086086966159822,True,1.2474053393664328,-20.059564890683355,-18.821005088786517,True
20k,20480,217088,131072,ep8_full_context_fine,F kernelB=131072 mini/SM=4096/40,7.35531210899353,3192.7909086666136,399.0988635833267,B ringB=131072 mini/SM=4096/28,15.996416091918945,1468.7940274240182,183.59925342800227,F kernelB=131072 mini/SM=4096/40; B ringB=131072 mini/SM=4096/28,23.344655990600586,2012.4269154754577,251.5533644344322,F kernelB=131072 mini/SM=4096/52,6.23310399055481,3767.6210227818915,470.95262784773644,B ringB=131072 mini/SM=16384/52,12.489295959472656,1881.2461881151596,235.15577351439495,F kernelB=131072 mini/SM=16384/52; B ringB=131072 mini/SM=16384/52,18.875280380249023,2488.9386065575463,311.1173258196933,path=ep8_full_context_fine; F kernelB=217088 mini/SM=13568/52,6.287391901016235,3735.089843565226,466.88623044565327,path=ep8_full_context_fine; B ringB=131072 mini/SM=32768/48,8.601360321044922,2731.595880074199,341.4494850092749,path=ep8_full_context_fine; F kernelB=217088 mini/SM=13568/50; B ringB=131072 mini/SM=32768/48,14.947839736938477,3142.8898673502927,392.8612334187866,1.1698510646051323,-14.3547522241548,-13.527333764568857,True,1.8597542126889584,-46.589921122807155,-44.64588117810663,True,1.5617411212211654,-35.96245735765885,-34.84515348907634,True,0.991365591438216,0.6669703887669187,2.3106424164575445,False,1.4520140411877798,-31.22863071784962,-29.114511628261614,True,1.2627430259106418,-20.526626853479634,-19.28676638176744,True
20k,20480,217088,135168,ep8_full_context_fine,F kernelB=135168 mini/SM=4096/40,7.404543876647949,3171.5624923315654,396.4453115414457,B ringB=135168 mini/SM=4096/28,15.920671939849854,1475.7819584982658,184.47274481228322,F kernelB=135168 mini/SM=4096/40; B ringB=135168 mini/SM=4096/28,23.26630401611328,2019.203996279942,252.40049953499275,F kernelB=135168 mini/SM=16896/52,6.252831935882568,3755.734021449484,469.4667526811855,B ringB=135168 mini/SM=16896/50,12.23371171951294,1920.5488043767164,240.06860054708955,F kernelB=135168 mini/SM=4096/52; B ringB=135168 mini/SM=16896/54,18.528223991394043,2535.5594831874287,316.9449353984286,path=ep8_full_context_fine; F kernelB=217088 mini/SM=13568/52,6.285791873931885,3736.0405980655414,467.0050747581927,path=ep8_full_context_fine; B ringB=135168 mini/SM=16896/46,8.886847972869873,2643.844081470486,330.48051018381074,path=ep8_full_context_fine; F kernelB=217088 mini/SM=13568/50; B ringB=135168 mini/SM=16896/48,15.041423797607422,3123.335575151657,390.4169468939571,1.177981076235708,-15.055722370662178,-14.019116148813318,True,1.7914869240987492,-44.38871620690606,-43.41006752711579,True,1.5468152702282185,-35.38204578893519,-34.70236461676444,True,0.994756438216479,0.915675754903178,2.015975456405866,False,1.3766086419910082,-26.94564019132804,-26.140524458118385,True,1.2318131741186131,-19.007970747657644,-18.018280464069793,True
20k,20480,217088,163840,ep8_full_context_fine,F kernelB=163840 mini/SM=4096/40,7.331311941146851,3203.2429966861237,400.40537458576546,B ringB=163840 mini/SM=4096/28,14.769887924194336,1590.7663305631768,198.8457913203971,F kernelB=163840 mini/SM=4096/40; B ringB=163840 mini/SM=4096/28,22.209023475646973,2115.3300188778985,264.4162523597373,F kernelB=163840 mini/SM=4096/50,6.287359952926636,3735.108822752974,466.88860284412175,B ringB=163840 mini/SM=16384/52,11.444543838500977,2052.981818022156,256.6227272527695,F kernelB=163840 mini/SM=4096/52; B ringB=163840 mini/SM=16384/50,17.813103675842285,2637.3514073076653,329.66892591345817,path=ep8_full_context_fine; F kernelB=217088 mini/SM=13568/52,6.275552034378052,3742.136708189595,467.7670885236994,path=ep8_full_context_fine; B ringB=163840 mini/SM=16384/46,8.7293119430542,2691.5569714168614,336.4446214271077,path=ep8_full_context_fine; F kernelB=217088 mini/SM=13568/52; B ringB=163840 mini/SM=40960/48,14.878719806671143,3157.490339117478,394.68629238968475,1.1682337905869076,-14.252500584341371,-13.573787264812673,True,1.6919876412420505,-41.155091410367376,-40.05093458740401,True,1.4926703213867336,-33.185882206333176,-32.075517747102204,True,1.0018815744788505,-0.2916857416987273,0.5060045722486688,False,1.3110476419172135,-24.255699636884682,-22.32181711882105,True,1.197220184753762,-16.79978370346967,-15.710317237063945,True
20k,20480,217088,196608,ep8_full_context_fine,F kernelB=196608 mini/SM=4096/40,7.584255933761597,3096.411017389355,387.0513771736694,B ringB=196608 mini/SM=4096/28,13.49836778640747,1740.6134421421928,217.5766802677741,F kernelB=196608 mini/SM=4096/40; B ringB=196608 mini/SM=4096/28,21.19593620300293,2216.4349617802777,277.0543702225347,F kernelB=196608 mini/SM=4096/52,6.65174412727356,3530.4986455673684,441.31233069592105,B ringB=196608 mini/SM=16384/50,10.324528217315674,2275.691433202233,284.4614291502791,F kernelB=196608 mini/SM=4096/52; B ringB=196608 mini/SM=16384/50,17.111984252929688,2745.410079486066,343.17625993575825,path=ep8_full_context_fine; F kernelB=217088 mini/SM=13568/52,6.26584005355835,3747.936977526825,468.49212219085314,path=ep8_full_context_fine; B ringB=196608 mini/SM=16384/48,8.526544094085693,2755.5642892056644,344.44553615070805,path=ep8_full_context_fine; F kernelB=217088 mini/SM=13568/50; B ringB=196608 mini/SM=16384/48,14.877007961273193,3157.853660513834,394.7317075642292,1.2104132676439008,-17.60743492670005,-16.568129239996807,True,1.583099511063387,-36.792489035126,-36.133511474986136,True,1.424744562762804,-30.201816456753754,-28.231002692772623,True,1.0615885612171119,-5.743592102441081,-4.648121731131012,True,1.2108690347918478,-16.938906653662563,-15.97051274577506,True,1.1502302275749554,-13.296554913833619,-11.863249515122789,True
20k,20480,217088,212992,ep8_full_context_fine,F kernelB=212992 mini/SM=4096/40,7.753200054168701,3028.939466017423,378.6174332521779,B ringB=212992 mini/SM=4096/28,12.435455799102783,1889.391172754214,236.17389659427675,F kernelB=212992 mini/SM=4096/40; B ringB=212992 mini/SM=4096/28,20.27195167541504,2317.4588613968845,289.68235767461056,F kernelB=212992 mini/SM=4096/52,6.732976198196411,3487.903854210972,435.9879817763715,B ringB=212992 mini/SM=16384/48,9.492271900177002,2475.217804871548,309.4022256089435,F kernelB=212992 mini/SM=16384/52; B ringB=212992 mini/SM=16384/50,16.308143615722656,2880.733402587111,360.09167532338887,path=ep8_full_context_fine; F kernelB=217088 mini/SM=13568/52,6.297071933746338,3729.3481603962878,466.16852004953597,path=ep8_full_context_fine; B ringB=212992 mini/SM=16384/48,8.550479888916016,2747.8504974273,343.4813121784125,path=ep8_full_context_fine; F kernelB=217088 mini/SM=13568/52; B ringB=212992 mini/SM=16384/46,14.892015933990479,3154.6712182043275,394.33390227554094,1.231238921159356,-18.774390803562788,-17.564979436110875,True,1.4543576454957645,-31.2655094473243,-30.684254551570856,True,1.36126309327571,-26.440668074465716,-25.658154502145617,True,1.0692233261802266,-6.645922964548384,-5.406412028852071,True,1.1101449302841857,-9.98031006241522,-8.600598962940397,True,1.0950930812865918,-8.628982526842254,-7.3926030167734025,True
20k,20480,217088,217088,legacy_terminal_fallback,F kernelB=217088 mini/SM=4096/40,7.353344202041626,3193.6453655303894,399.2056706912987,B ringB=217088 mini/SM=4096/28,12.239408016204834,1919.6549690060426,239.95687112575533,F kernelB=217088 mini/SM=4096/40; B ringB=217088 mini/SM=4096/28,19.804672241210938,2372.1379215881175,296.5172401985147,F kernelB=217088 mini/SM=4096/52,6.253056049346924,3755.599413578372,469.4499266972965,B ringB=217088 mini/SM=13568/52,8.603424072265625,2730.940636965802,341.3675796207252,F kernelB=217088 mini/SM=4096/50; B ringB=217088 mini/SM=13568/52,15.006927967071533,3130.51506284851,391.31438285606373,path=legacy_terminal_fallback; F kernelB=217088 mini/SM=4096/52,6.275039911270142,3742.442114164429,467.8052642705536,path=legacy_terminal_fallback; B ringB=217088 mini/SM=13568/52,8.593728065490723,2734.0218630316126,341.7527328789516,path=legacy_terminal_fallback; F kernelB=217088 mini/SM=4096/50; B ringB=217088 mini/SM=13568/52,15.085023880004883,3114.3082319061464,389.2885289882683,1.1718402282724643,-15.155638127693972,-14.007817049392068,True,1.4242256588678703,-29.9021491985556,-28.89778616474858,True,1.3128697971411185,-23.875952948451268,-22.794797668800186,True,0.9964966179922243,0.24804399691120693,1.2097315686474572,False,1.0011282654862954,-0.08408126153203188,1.1752705068129123,False,0.9948229506592385,0.7093470715295425,1.6690502923144672,False
100k,102400,1036288,4096,ep8_full_context_fine,F kernelB=4096 mini/SM=4096/40,66.16984176635742,1774.4706768166668,221.80883460208335,B ringB=4096 mini/SM=4096/28,236.01051330566406,497.7480642985438,62.218508037317974,F kernelB=4096 mini/SM=4096/40; B ringB=4096 mini/SM=4096/28,302.1664733886719,777.3536799824396,97.16920999780496,F kernelB=4096 mini/SM=1024/36,45.212175369262695,2597.00938840083,324.6261735501038,B ringB=4096 mini/SM=4096/38,229.4797134399414,511.9135560657949,63.989194508224365,F kernelB=4096 mini/SM=1024/40; B ringB=4096 mini/SM=4096/38,274.9122009277344,854.4190445652324,106.80238057065405,path=ep8_full_context_fine; F kernelB=1036288 mini/SM=94208/52,30.923680305480957,3796.975093006279,474.6218866257849,path=ep8_full_context_fine; B ringB=4096 mini/SM=4096/52,77.39697647094727,1517.8083370749823,189.7260421343728,path=ep8_full_context_fine; F kernelB=1036288 mini/SM=45056/52; B ringB=4096 mini/SM=4096/52,108.33150482177734,2168.2540129247905,271.0317516155988,2.139779001486747,-53.364005798030135,-53.023340877543156,True,3.049350556920735,-67.2140288389738,-67.00672766180202,True,2.7892760641125043,-64.15545645804832,-64.03414545020955,True,1.4620567449486026,-31.68521209937288,-31.256714198048904,True,2.964970001458415,-66.27172291453249,-66.05387719761987,True,2.53769391812667,-60.60089963693585,-60.47831401587796,True
100k,102400,1036288,8192,ep8_full_context_fine,F kernelB=8192 mini/SM=4096/40,43.157968521118164,2720.620268457388,340.0775335571735,B ringB=8192 mini/SM=4096/28,170.93283081054688,687.2511008853639,85.90638761067049,F kernelB=8192 mini/SM=4096/40; B ringB=8192 mini/SM=4096/28,214.05487823486328,1097.336449386012,137.1670561732515,F kernelB=8192 mini/SM=2048/52,36.083168029785156,3254.0503042049304,406.7562880256163,B ringB=8192 mini/SM=4096/44,159.85424041748047,734.8805752365512,91.8600719045689,F kernelB=8192 mini/SM=2048/52; B ringB=8192 mini/SM=4096/44,195.9356689453125,1198.8129640732238,149.85162050915298,path=ep8_full_context_fine; F kernelB=1036288 mini/SM=94208/52,30.978544235229492,3790.2505363848377,473.7813170481047,path=ep8_full_context_fine; B ringB=8192 mini/SM=4096/56,68.41836547851562,1716.9918534357344,214.6239816794668,path=ep8_full_context_fine; F kernelB=1036288 mini/SM=45056/52; B ringB=8192 mini/SM=4096/52,98.63883209228516,2381.315908487642,297.66448856095525,1.3931567666126143,-28.284588002452377,-27.71740893973928,True,2.4983471852191834,-59.917968314180044,-59.64795563422298,True,2.170087314442211,-53.886972973222726,-53.653431858269705,True,1.1647793310038943,-14.207072334857735,-13.633747663876807,True,2.336422966252783,-57.23942399521612,-56.92937825896685,True,1.9863948587914924,-49.63292767034456,-49.47261817182761,True
100k,102400,1036288,12288,ep8_full_context_fine,F kernelB=12288 mini/SM=4096/40,37.428720474243164,3137.0680700880744,392.1335087610093,B ringB=12288 mini/SM=4096/28,147.86439514160156,794.4696628251977,99.30870785314971,F kernelB=12288 mini/SM=4096/40; B ringB=12288 mini/SM=4096/28,185.28153228759766,1267.747611733903,158.4684514667379,F kernelB=12288 mini/SM=4096/52,34.337759017944336,3419.455644808974,427.43195560112173,B ringB=12288 mini/SM=4096/48,133.5223846435547,879.8058577638699,109.97573222048374,F kernelB=12288 mini/SM=4096/52; B ringB=12288 mini/SM=4096/48,167.80777740478516,1399.7576494288396,174.96970617860495,path=ep8_full_context_fine; F kernelB=1036288 mini/SM=94208/52,31.011263847351074,3786.251488554843,473.2814360693554,path=ep8_full_context_fine; B ringB=12288 mini/SM=4096/52,61.38041687011719,1913.8640977394803,239.23301221743503,path=ep8_full_context_fine; F kernelB=1036288 mini/SM=94208/52; B ringB=12288 mini/SM=4096/52,92.32281494140625,2544.2272335941643,318.02840419927054,1.206939538436137,-17.147169163676107,-16.39168793283214,True,2.408983234090558,-58.48976266204397,-58.338137785224575,True,2.0068878142980013,-50.15074658338435,-50.034093695622744,True,1.1072673202539407,-9.708961668560562,-8.97164744741136,True,2.1753254776045603,-54.03083231565191,-53.79066474921542,True,1.8176198105667198,-44.965487995688235,-44.7473344217227,True
100k,102400,1036288,16384,ep8_full_context_fine,F kernelB=16384 mini/SM=4096/40,36.924367904663086,3179.91750616188,397.489688270235,B ringB=16384 mini/SM=4096/28,136.52970123291016,860.4265232485782,107.55331540607227,F kernelB=16384 mini/SM=4096/40; B ringB=16384 mini/SM=4096/28,173.4215850830078,1354.4462757826275,169.30578447282844,F kernelB=16384 mini/SM=4096/52,33.67115020751953,3487.152745907036,435.8940932383795,B ringB=16384 mini/SM=4096/52,121.16707229614258,969.5189784307419,121.18987230384273,F kernelB=16384 mini/SM=4096/52; B ringB=16384 mini/SM=4096/54,154.87076568603516,1516.6853409389469,189.58566761736836,path=ep8_full_context_fine; F kernelB=1036288 mini/SM=94208/52,30.870736122131348,3803.487012407965,475.4358765509956,path=ep8_full_context_fine; B ringB=16384 mini/SM=4096/56,58.26436805725098,2016.219862482151,252.02748281026888,path=ep8_full_context_fine; F kernelB=1036288 mini/SM=94208/52; B ringB=16384 mini/SM=4096/52,88.96971130371094,2640.1144458496483,330.01430573120604,1.1960961267195656,-16.50746235231549,-15.6288337525834,True,2.3432795340499553,-57.31253838495752,-56.92930517220566,True,1.949220499221451,-48.71077824826834,-48.17889668893011,True,1.0907141985312283,-8.205158264358232,-7.058763215260909,True,2.0796084525808802,-51.889271405904026,-51.55693815130225,True,1.7407133665676566,-42.59970042789749,-42.07016289299725,True
100k,102400,1036288,20480,ep8_full_context_fine,F kernelB=20480 mini/SM=4096/40,36.912527084350586,3180.9375618116323,397.61719522645404,B ringB=20480 mini/SM=4096/28,129.5902557373047,906.501615292231,113.31270191152888,F kernelB=20480 mini/SM=4096/40; B ringB=20480 mini/SM=4096/28,166.19670867919922,1413.3265449281325,176.66581811601657,F kernelB=20480 mini/SM=4096/52,33.143728256225586,3542.6444181621287,442.8305522702661,B ringB=20480 mini/SM=4096/56,113.49478530883789,1035.058798801501,129.38234985018764,F kernelB=20480 mini/SM=4096/52; B ringB=20480 mini/SM=4096/58,146.89230346679688,1599.0641749933068,199.88302187416335,path=ep8_full_context_fine; F kernelB=1036288 mini/SM=94208/52,31.012288093566895,3786.1264396146425,473.2658049518303,path=ep8_full_context_fine; B ringB=20480 mini/SM=4096/58,54.63944053649902,2149.981313837351,268.7476642296689,path=ep8_full_context_fine; F kernelB=1036288 mini/SM=94208/52; B ringB=20480 mini/SM=4096/58,85.27667236328125,2754.4487084974476,344.30608856218095,1.1902548748735382,-15.8563417457034,-15.064371670379996,True,2.371734674895485,-57.8687294793333,-57.53229209336494,True,1.94891174893875,-48.679166321575735,-48.25985838685712,True,1.06872889082637,-6.369642320868641,-5.789007799031431,True,2.0771586274391596,-51.87608695411572,-51.43885877516482,True,1.7225379391099027,-41.92632211790561,-41.438268686794245,True
100k,102400,1036288,28672,ep8_full_context_fine,F kernelB=28672 mini/SM=4096/40,36.58070373535156,3209.791827775277,401.2239784719096,B ringB=28672 mini/SM=4096/28,120.82894515991211,972.2320756547888,121.5290094568486,F kernelB=28672 mini/SM=4096/40; B ringB=28672 mini/SM=4096/28,157.3969955444336,1492.3424633584564,186.54280791980705,F kernelB=28672 mini/SM=4096/52,32.78126335144043,3581.8157050631376,447.7269631328922,B ringB=28672 mini/SM=4096/56,103.10926055908203,1139.3135351279825,142.4141918909978,F kernelB=28672 mini/SM=4096/52; B ringB=28672 mini/SM=4096/56,135.78700256347656,1729.8431780773385,216.2303972596673,path=ep8_full_context_fine; F kernelB=1036288 mini/SM=94208/52,31.095760345458984,3775.963108782664,471.995388597833,path=ep8_full_context_fine; B ringB=28672 mini/SM=4096/60,49.69248008728027,2364.0151577395236,295.50189471744045,path=ep8_full_context_fine; F kernelB=1036288 mini/SM=45056/52; B ringB=28672 mini/SM=4096/58,80.45678329467773,2919.4582537024958,364.93228171281197,1.1763887851256083,-15.116336796671114,-14.145046330254575,True,2.4315338044647232,-58.92013566777386,-58.518156261576294,True,1.956292423075849,-48.86672121734449,-48.51199494314298,True,1.054203627351649,-5.284772258956011,-3.674823653483311,True,2.074946961350693,-51.78097937425839,-51.480984084457596,True,1.6877011111188551,-40.75676988974861,-40.114781398453,True
100k,102400,1036288,32768,ep8_full_context_fine,F kernelB=32768 mini/SM=4096/40,36.89102554321289,3182.791537374378,397.84894217179726,B ringB=32768 mini/SM=4096/28,118.62812805175781,990.2691552272142,123.78364440340178,F kernelB=32768 mini/SM=4096/40; B ringB=32768 mini/SM=4096/28,155.31877899169922,1512.3104983239236,189.03881229049045,F kernelB=32768 mini/SM=4096/52,32.527360916137695,3609.7746818970045,451.22183523712556,B ringB=32768 mini/SM=4096/60,100.1612663269043,1172.846355282605,146.60579441032561,F kernelB=32768 mini/SM=4096/52; B ringB=32768 mini/SM=4096/60,132.6688461303711,1770.5002109174745,221.31252636468432,path=ep8_full_context_fine; F kernelB=1036288 mini/SM=94208/52,31.00811195373535,3786.6363511324844,473.32954389156055,path=ep8_full_context_fine; B ringB=32768 mini/SM=4096/58,49.39753723144531,2378.1302213831614,297.26627767289517,path=ep8_full_context_fine; F kernelB=1036288 mini/SM=45056/52; B ringB=32768 mini/SM=4096/56,80.93387222290039,2902.248633416274,362.78107917703426,1.1897217604946393,-15.76589238527021,-14.821988092404553,True,2.401498833756472,-58.32210196526654,-58.011181113269046,True,1.9190825142276027,-47.966316151072846,-47.710031746610966,True,1.0489952101781976,-4.59304640032453,-3.3710126106806886,True,2.027657084554895,-50.68674341391759,-50.077873412761654,True,1.639225240144042,-39.0559065235189,-38.60697877640475,True
100k,102400,1036288,36864,ep8_full_context_fine,F kernelB=36864 mini/SM=4096/40,36.657087326049805,3203.103477906707,400.3879347383384,B ringB=36864 mini/SM=4096/28,116.0652961730957,1012.1352378819913,126.51690473524891,F kernelB=36864 mini/SM=4096/40; B ringB=36864 mini/SM=4096/28,152.62257385253906,1539.0267253843217,192.3783406730402,F kernelB=36864 mini/SM=4096/52,32.83247947692871,3576.2283499334308,447.02854374167885,B ringB=36864 mini/SM=4096/56,97.7623062133789,1201.6264826608965,150.20331033261206,F kernelB=36864 mini/SM=4096/52; B ringB=36864 mini/SM=4096/56,130.5376968383789,1799.4052733044757,224.92565916305946,path=ep8_full_context_fine; F kernelB=1036288 mini/SM=94208/52,31.05892848968506,3780.4409106706635,472.55511383383293,path=ep8_full_context_fine; B ringB=36864 mini/SM=4096/62,49.715200424194336,2362.9347794971445,295.36684743714306,path=ep8_full_context_fine; F kernelB=1036288 mini/SM=94208/52; B ringB=36864 mini/SM=4096/62,80.7823486328125,2907.692386163075,363.46154827038436,1.1802431412990935,-15.271240156950405,-14.23994291874253,True,2.3346038069397284,-57.13373742149142,-56.61373303266175,True,1.8893059738367919,-47.08160053997756,-46.790430268701854,True,1.0571027744190422,-5.330575322492232,-4.6427115808849235,True,1.9664469896374395,-49.021410103222024,-48.4606939374062,True,1.6159185644839815,-38.10835352363851,-37.73844561136815,True
100k,102400,1036288,61440,ep8_full_context_fine,F kernelB=61440 mini/SM=4096/40,36.49432182312012,3217.389392056426,402.17367400705325,B ringB=61440 mini/SM=4096/28,108.86820602416992,1079.0457603932553,134.8807200491569,F kernelB=61440 mini/SM=4096/40; B ringB=61440 mini/SM=4096/28,145.73617553710938,1611.7495823553363,201.46869779441704,F kernelB=61440 mini/SM=4096/52,32.06601524353027,3661.709851138746,457.7137313923433,B ringB=61440 mini/SM=15360/60,87.96139526367188,1335.5151518443088,166.9393939805386,F kernelB=61440 mini/SM=4096/52; B ringB=61440 mini/SM=15360/60,120.30611419677734,1952.4379257383748,244.05474071729685,path=ep8_full_context_fine; F kernelB=1036288 mini/SM=94208/52,30.812687873840332,3810.6524294391534,476.33155367989417,path=ep8_full_context_fine; B ringB=61440 mini/SM=15360/62,43.924800872802734,2674.4293387277976,334.3036673409747,path=ep8_full_context_fine; F kernelB=1036288 mini/SM=45056/52; B ringB=61440 mini/SM=15360/62,75.15342330932617,3125.4759891536605,390.68449864420757,1.1843926752687952,-15.654746912667854,-14.110079300018947,True,2.478513365135793,-59.616636979348215,-59.26212143843234,True,1.9391821306298929,-48.52557572723968,-47.9778315791646,True,1.040675690962813,-4.045191186902574,-2.049087928668426,True,2.0025451115507646,-50.02427742712126,-49.32859479569135,True,1.600806841514137,-37.47707175099279,-36.45969263903659,True
100k,102400,1036288,65536,ep8_full_context_fine,F kernelB=65536 mini/SM=4096/40,36.58142280578613,3209.7287338268343,401.2160917283543,B ringB=65536 mini/SM=4096/28,107.96334457397461,1088.089449391863,136.01118117398286,F kernelB=65536 mini/SM=4096/40; B ringB=65536 mini/SM=4096/28,144.9046859741211,1620.9980959342452,202.62476199178064,F kernelB=65536 mini/SM=4096/52,32.05833625793457,3662.5869464744587,457.82336830930734,B ringB=65536 mini/SM=16384/62,86.94250869750977,1351.1661661468106,168.89577076835133,F kernelB=65536 mini/SM=4096/50; B ringB=65536 mini/SM=16384/62,119.42806243896484,1966.7925214481604,245.84906518102005,path=ep8_full_context_fine; F kernelB=1036288 mini/SM=94208/52,31.035264015197754,3783.3235073013066,472.9154384126633,path=ep8_full_context_fine; B ringB=65536 mini/SM=16384/62,43.6856803894043,2689.0682508516584,336.1335313564573,path=ep8_full_context_fine; F kernelB=1036288 mini/SM=94208/52; B ringB=65536 mini/SM=16384/60,75.59936141967773,3107.0397374396407,388.3799671799551,1.1787050623404545,-15.460650551440448,-14.058979239889277,True,2.4713669012732256,-59.692548378779094,-58.617901900778904,True,1.916744840868509,-47.94162838627966,-47.449611881944875,True,1.0329648313040232,-3.6401164492877225,-2.0260476579881024,True,1.9901832344723458,-49.72177012516394,-48.559064460292475,True,1.579749619523624,-36.85994421002516,-35.75685878817719,True
100k,102400,1036288,69632,ep8_full_context_fine,F kernelB=69632 mini/SM=4096/40,36.48151969909668,3218.5184409109843,402.31480511387304,B ringB=69632 mini/SM=4096/28,107.36395263671875,1094.1640398569275,136.77050498211594,F kernelB=69632 mini/SM=4096/40; B ringB=69632 mini/SM=4096/28,144.10739135742188,1629.9664982028182,203.74581227535228,F kernelB=69632 mini/SM=4096/52,32.03215980529785,3665.5799864166606,458.1974983020826,B ringB=69632 mini/SM=17408/58,86.60173034667969,1356.4830134656074,169.56037668320093,F kernelB=69632 mini/SM=4096/52; B ringB=69632 mini/SM=17408/58,119.09168243408203,1972.3478185473882,246.54347731842353,path=ep8_full_context_fine; F kernelB=1036288 mini/SM=94208/52,31.06870460510254,3779.2513526526695,472.4064190815837,path=ep8_full_context_fine; B ringB=69632 mini/SM=17408/62,44.030799865722656,2667.9909633767893,333.49887042209866,path=ep8_full_context_fine; F kernelB=1036288 mini/SM=45056/52; B ringB=69632 mini/SM=17408/60,75.60808181762695,3106.681381265232,388.335172658154,1.1742208168249528,-14.982870480411453,-14.025648279696593,True,2.4383829720136436,-59.09782347717053,-58.805839433793366,True,1.9059786717644949,-47.467627334190105,-47.188252885334386,True,1.0310104721919138,-3.365171116021992,-2.262296527617656,True,1.9668443591936173,-49.192319734131075,-48.62497148163825,True,1.5751184208235989,-36.4529920860644,-35.66449037797676,True
100k,102400,1036288,126976,ep8_full_context_fine,F kernelB=126976 mini/SM=4096/40,37.615983963012695,3121.4508178080373,390.18135222600466,B ringB=126976 mini/SM=4096/28,100.29630661010742,1171.2672193271123,146.40840241588904,F kernelB=126976 mini/SM=4096/40; B ringB=126976 mini/SM=4096/28,138.58863830566406,1694.8735692022462,211.85919615028078,F kernelB=126976 mini/SM=4096/52,32.397199630737305,3624.277568503158,453.03469606289474,B ringB=126976 mini/SM=15872/58,79.31084823608398,1481.1816890712948,185.14771113391186,F kernelB=126976 mini/SM=4096/52; B ringB=126976 mini/SM=15872/62,111.75313568115234,2101.8669286039126,262.7333660754891,path=ep8_full_context_fine; F kernelB=1036288 mini/SM=94208/52,30.953920364379883,3793.2656840170903,474.1582105021363,path=ep8_full_context_fine; B ringB=126976 mini/SM=31744/60,42.76942443847656,2746.676573143625,343.3345716429531,path=ep8_full_context_fine; F kernelB=1036288 mini/SM=45056/52; B ringB=126976 mini/SM=31744/58,74.40118408203125,3157.0763685295797,394.63454606619746,1.2152251966862058,-17.489814138505555,-16.64898724055735,True,2.345046909723622,-57.33782866854515,-56.321773315563796,True,1.862720869507436,-46.09629362665372,-45.75704045086262,True,1.0466267034794814,-4.431655068240331,-2.9449399288494558,True,1.8543819393728793,-46.01153288251675,-44.85959258914606,True,1.5020343702855399,-33.34805565578018,-32.52345180688512,True
100k,102400,1036288,131072,ep8_full_context_fine,F kernelB=131072 mini/SM=4096/40,35.86303901672363,3274.0238173693656,409.2529771711707,B ringB=131072 mini/SM=4096/28,99.71995162963867,1178.0368344772096,147.2546043096512,F kernelB=131072 mini/SM=4096/40; B ringB=131072 mini/SM=4096/28,136.2431640625,1724.0514169815285,215.50642712269106,F kernelB=131072 mini/SM=4096/52,31.38811206817627,3740.7934459061016,467.5991807382627,B ringB=131072 mini/SM=16384/58,77.86788940429688,1508.6292572033885,188.57865715042357,F kernelB=131072 mini/SM=4096/52; B ringB=131072 mini/SM=16384/58,109.24179077148438,2150.1864661606583,268.7733082700823,path=ep8_full_context_fine; F kernelB=1036288 mini/SM=94208/52,31.080960273742676,3777.7611396129837,472.22014245162296,path=ep8_full_context_fine; B ringB=131072 mini/SM=32768/62,42.77657508850098,2746.2174311280664,343.2771788910083,path=ep8_full_context_fine; F kernelB=1036288 mini/SM=94208/52; B ringB=131072 mini/SM=16384/58,74.3391342163086,3159.711537297801,394.9639421622251,1.1538587836689485,-13.734277274705764,-12.39090174334503,True,2.3311812931102325,-57.214071759587725,-56.38050783014136,True,1.8327246543666478,-45.22386006236489,-44.91971002412284,True,1.0098823135362738,-1.2932389036698189,-0.46175901582606066,True,1.8203395022438111,-45.04596214547406,-44.06179108349687,True,1.4695058252039583,-31.920128680828785,-30.751147331465273,True
100k,102400,1036288,135168,ep8_full_context_fine,F kernelB=135168 mini/SM=4096/40,36.26705551147461,3237.5510569599555,404.69388211999444,B ringB=135168 mini/SM=4096/28,99.22820663452148,1183.8748289050593,147.9843536131324,F kernelB=135168 mini/SM=4096/40; B ringB=135168 mini/SM=4096/28,136.42750549316406,1721.7218713111308,215.21523391389135,F kernelB=135168 mini/SM=4096/52,31.66971206665039,3707.5311470117445,463.44139337646806,B ringB=135168 mini/SM=16896/58,77.94073867797852,1507.2191788861144,188.4023973607643,F kernelB=135168 mini/SM=16896/52; B ringB=135168 mini/SM=16896/58,109.67708969116211,2141.652561327288,267.706570165911,path=ep8_full_context_fine; F kernelB=1036288 mini/SM=94208/52,31.004143714904785,3787.12100497566,473.3901256219575,path=ep8_full_context_fine; B ringB=135168 mini/SM=45056/60,42.48809623718262,2764.8632571396583,345.6079071424573,path=ep8_full_context_fine; F kernelB=1036288 mini/SM=45056/52; B ringB=135168 mini/SM=45056/62,74.23542404174805,3164.125794228695,395.5157242785869,1.1697486582749828,-14.221648789935394,-13.607636849286603,True,2.335435461278302,-57.14815425823815,-55.39627661083995,True,1.8377682522085526,-45.72390091742079,-45.03857103595958,True,1.0214670773644248,-1.9853906068898308,-0.4857840073063723,True,1.834413531801649,-45.41972319648873,-43.22216241384146,True,1.4774225527355054,-32.38235695710564,-31.68031028159227,True
100k,102400,1036288,163840,ep8_full_context_fine,F kernelB=163840 mini/SM=4096/40,36.93721580505371,3178.811432992067,397.35142912400835,B ringB=163840 mini/SM=4096/28,97.59212875366211,1203.7218334331276,150.46522917914095,F kernelB=163840 mini/SM=4096/40; B ringB=163840 mini/SM=4096/28,135.48489379882812,1733.7004404695608,216.7125550586951,F kernelB=163840 mini/SM=4096/52,32.1976318359375,3646.74161448561,455.84270181070127,B ringB=163840 mini/SM=16384/58,76.31059265136719,1539.4163781257873,192.42704726572342,F kernelB=163840 mini/SM=16384/52; B ringB=163840 mini/SM=16384/58,108.66019058227539,2161.6952703404813,270.21190879256017,path=ep8_full_context_fine; F kernelB=1036288 mini/SM=94208/52,30.967280387878418,3791.629178710848,473.953647338856,path=ep8_full_context_fine; B ringB=163840 mini/SM=40960/60,42.47175979614258,2765.9267408709857,345.7408426088732,path=ep8_full_context_fine; F kernelB=1036288 mini/SM=94208/52; B ringB=163840 mini/SM=40960/60,73.22574615478516,3207.7545452317713,400.9693181539714,1.1927820377637075,-16.049978539862696,-15.040638962111657,True,2.2978122220997714,-56.815549270287164,-56.04342944836094,True,1.850235756047321,-45.722024705011194,-45.163132970087005,True,1.039730690995412,-3.762445835727096,-2.9332837686889066,True,1.7967372441746094,-44.55039192424711,-43.510784701070726,True,1.4839069082695127,-32.472767371818634,-31.234639377325188,True
100k,102400,1036288,196608,ep8_full_context_fine,F kernelB=196608 mini/SM=4096/40,37.0369930267334,3170.2477525442873,396.2809690680359,B ringB=196608 mini/SM=4096/28,95.96004867553711,1224.194628633482,153.02432857918524,F kernelB=196608 mini/SM=4096/40; B ringB=196608 mini/SM=4096/28,133.7041778564453,1756.7904296019494,219.59880370024368,F kernelB=196608 mini/SM=4096/52,32.231937408447266,3642.860260495163,455.35753256189537,B ringB=196608 mini/SM=16384/60,74.34607696533203,1580.0938119005075,197.51172648756344,F kernelB=196608 mini/SM=4096/52; B ringB=196608 mini/SM=16384/62,106.61265563964844,2203.21141656888,275.40142707111,path=ep8_full_context_fine; F kernelB=1036288 mini/SM=94208/52,31.03435230255127,3783.434652004883,472.9293315006104,path=ep8_full_context_fine; B ringB=196608 mini/SM=49152/58,42.16604804992676,2785.9802278104185,348.2475284763023,path=ep8_full_context_fine; F kernelB=1036288 mini/SM=94208/52; B ringB=196608 mini/SM=49152/58,73.52935791015625,3194.509332490115,399.31366656126437,1.1934192363888536,-16.471375556292873,-15.278930163405638,True,2.2757657668538323,-56.17285033616001,-55.1228071508394,True,1.818378150667591,-44.8155166575119,-44.18326967574656,True,1.0385890156243907,-3.983261818828221,-2.439181749654312,True,1.763173937412927,-43.33724110039361,-41.8003501843064,True,1.449933178661996,-30.9693818622113,-29.592978277602278,True
100k,102400,1036288,229376,ep8_full_context_fine,F kernelB=229376 mini/SM=4096/40,36.37094497680664,3228.30336079734,403.5379200996675,B ringB=229376 mini/SM=4096/28,94.12553405761719,1248.054285461909,156.00678568273864,F kernelB=229376 mini/SM=4096/40; B ringB=229376 mini/SM=4096/28,131.11236572265625,1791.518433531025,223.93980419137813,F kernelB=229376 mini/SM=16384/52,31.629311561584473,3712.2668217226924,464.03335271533655,B ringB=229376 mini/SM=32768/58,73.19238662719727,1604.9999400941572,200.62499251176965,F kernelB=229376 mini/SM=4096/52; B ringB=229376 mini/SM=16384/58,103.50640106201172,2269.330376150118,283.66629701876474,path=ep8_full_context_fine; F kernelB=1036288 mini/SM=94208/52,31.133312225341797,3771.408678079094,471.42608475988675,path=ep8_full_context_fine; B ringB=229376 mini/SM=32768/54,42.00920104980469,2796.3820595570733,349.54775744463416,path=ep8_full_context_fine; F kernelB=1036288 mini/SM=45056/52; B ringB=229376 mini/SM=32768/54,73.11214447021484,3212.7387557574916,401.59234446968645,1.168232429416923,-14.385099575055776,-13.06789158033324,True,2.240593291598789,-55.727455123541006,-54.7947742581335,True,1.7933048835145318,-44.354792214608636,-43.89571880274687,True,1.0159314669975572,-1.5807529043879054,0.3388012971684785,False,1.7422941831343768,-42.6336634962781,-41.676849578748346,True,1.415721038030545,-29.366494192176575,-28.209463371129683,True
100k,102400,1036288,258048,ep8_full_context_fine,F kernelB=258048 mini/SM=4096/40,37.573089599609375,3125.014342850866,390.62679285635824,B ringB=258048 mini/SM=4096/28,92.28796768188477,1272.9045736160356,159.11307170200445,F kernelB=258048 mini/SM=4096/40; B ringB=258048 mini/SM=4096/28,130.82666778564453,1795.4307331350853,224.42884164188567,F kernelB=258048 mini/SM=4096/52,33.71879959106445,3482.2249109697127,435.2781138712141,B ringB=258048 mini/SM=16128/54,70.97198486328125,1655.2133405638676,206.90166757048345,F kernelB=258048 mini/SM=4096/52; B ringB=258048 mini/SM=43008/58,104.6005744934082,2245.592064800777,280.6990081000971,path=ep8_full_context_fine; F kernelB=1036288 mini/SM=94208/52,31.103952407836914,3774.9686073470166,471.8710759183771,path=ep8_full_context_fine; B ringB=258048 mini/SM=43008/54,41.056640625,2861.2612810914798,357.65766013643497,path=ep8_full_context_fine; F kernelB=1036288 mini/SM=45056/52; B ringB=258048 mini/SM=43008/54,72.66134643554688,3232.6708983345875,404.08386229182344,1.207984410050168,-17.194471166626762,-16.38562183404691,True,2.2478207246622426,-55.51898043772374,-54.588920225397345,True,1.800498809937307,-44.55645876747252,-43.943045790143415,True,1.0840680036074357,-7.867251039579443,-7.174897855357091,True,1.7286359473859474,-42.05736013017903,-40.41264501524597,True,1.4395628435841403,-30.56339137789142,-29.420089972060588,True
100k,102400,1036288,262144,ep8_full_context_fine,F kernelB=262144 mini/SM=4096/40,36.56550407409668,3211.126083919593,401.3907604899491,B ringB=262144 mini/SM=4096/28,92.1095199584961,1275.3706262385567,159.4213282798196,F kernelB=262144 mini/SM=4096/40; B ringB=262144 mini/SM=4096/28,129.67862701416016,1811.3256244635545,226.4157030579443,F kernelB=262144 mini/SM=32768/52,30.50496006011963,3849.093513730027,481.1366892162534,B ringB=262144 mini/SM=16384/58,70.4970703125,1666.3639443633795,208.29549304542243,F kernelB=262144 mini/SM=32768/50; B ringB=262144 mini/SM=32768/62,101.40328216552734,2316.396619909926,289.54957748874074,path=ep8_full_context_fine; F kernelB=1036288 mini/SM=94208/52,31.053824424743652,3781.0622710432635,472.63278388040794,path=ep8_full_context_fine; B ringB=262144 mini/SM=32768/56,41.45025634765625,2834.0904617503625,354.2613077187953,path=ep8_full_context_fine; F kernelB=1036288 mini/SM=94208/52; B ringB=262144 mini/SM=32768/54,72.86283111572266,3223.7317224599906,402.9664653074988,1.1774879504039872,-14.86081012616756,-14.286205413948597,True,2.2221700919276537,-55.166108634137146,-54.15695402992121,True,1.7797637702026863,-43.57216027695587,-43.1337083985493,True,0.9823253858488783,1.897986485185854,2.8828810488942134,False,1.700763192420791,-41.23030487620239,-40.233639935481754,True,1.391701099350312,-27.901662188117335,-26.219765732587746,True
100k,102400,1036288,516096,ep8_full_context_fine,F kernelB=516096 mini/SM=4096/40,37.40158462524414,3139.344096793962,392.41801209924523,B ringB=516096 mini/SM=4096/28,81.7988510131836,1436.1299052118304,179.5162381514788,F kernelB=516096 mini/SM=4096/40; B ringB=516096 mini/SM=4096/28,120.89896011352539,1942.8638578482035,242.85798223102543,F kernelB=516096 mini/SM=43008/52,32.83531188964844,3575.9198602592337,446.9899825324042,B ringB=516096 mini/SM=43008/52,61.41111946105957,1912.9072582122433,239.1134072765304,F kernelB=516096 mini/SM=43008/52; B ringB=516096 mini/SM=16128/50,94.51051330566406,2485.3342960515156,310.66678700643945,path=ep8_full_context_fine; F kernelB=1036288 mini/SM=94208/52,30.933504104614258,3795.7692574015673,474.4711571751959,path=ep8_full_context_fine; B ringB=516096 mini/SM=86016/54,41.05660820007324,2861.2635408053616,357.6579426006702,path=ep8_full_context_fine; F kernelB=1036288 mini/SM=94208/52; B ringB=516096 mini/SM=43008/52,72.12495803833008,3256.712051481125,407.0890064351406,1.209096276282035,-17.506845066540055,-16.646200659358783,True,1.9923431232937958,-49.81321429764371,-49.13691688808807,True,1.6762430565196982,-40.030721572613345,-39.25615131737042,True,1.0614805157088716,-5.827503467333845,-4.610496589968112,True,1.4957669947258336,-33.01477181265291,-31.36555441163892,True,1.3103718307251895,-23.76461796674179,-21.566182629936314,True
100k,102400,1036288,520192,ep8_full_context_fine,F kernelB=520192 mini/SM=4096/40,36.48259162902832,3218.423874541154,402.30298431764425,B ringB=520192 mini/SM=4096/28,81.65446472167969,1438.6693557101978,179.83366946377473,F kernelB=520192 mini/SM=4096/40; B ringB=520192 mini/SM=4096/28,119.51774215698242,1965.3167455881137,245.6645931985142,F kernelB=520192 mini/SM=65024/52,30.64467144012451,3831.5452046342098,478.9431505792762,B ringB=520192 mini/SM=32512/52,59.95599937438965,1959.3331339278652,244.91664174098315,F kernelB=520192 mini/SM=32512/52; B ringB=520192 mini/SM=32512/52,90.7806396484375,2587.448391701687,323.43104896271086,path=ep8_full_context_fine; F kernelB=1036288 mini/SM=94208/52,30.976560592651367,3790.4932522384343,473.8116565298043,path=ep8_full_context_fine; B ringB=520192 mini/SM=65024/54,40.40176010131836,2907.6400596756844,363.45500745946055,path=ep8_full_context_fine; F kernelB=1036288 mini/SM=94208/52; B ringB=520192 mini/SM=65024/54,71.63905334472656,3278.801283508174,409.85016043852175,1.1777483016524166,-15.0091747883401,-14.049946754782123,True,2.0210620655364764,-50.757214084220266,-50.045426058146276,True,1.6683322374719831,-39.84714226949091,-39.36948279004236,True,0.9892857971906155,1.1236602226165182,2.486144377472466,False,1.483994737457817,-32.809879477247875,-31.23139543967586,True,1.2671948526678847,-21.102403785344613,-18.980329639603845,True
100k,102400,1036288,1028096,ep8_full_context_fine,F kernelB=1028096 mini/SM=4096/40,38.46998405456543,3052.1573322582544,381.5196665322818,B ringB=1028096 mini/SM=4096/28,62.021615982055664,1894.0779644630345,236.7597455578793,F kernelB=1028096 mini/SM=4096/40; B ringB=1028096 mini/SM=4096/28,102.81110382080078,2284.677542859694,285.58469285746173,F kernelB=1028096 mini/SM=64256/52,33.32967948913574,3522.879478702262,440.35993483778276,B ringB=1028096 mini/SM=64256/52,42.81979179382324,2743.445757925091,342.9307197406364,F kernelB=1028096 mini/SM=64256/52; B ringB=1028096 mini/SM=64256/52,76.51152038574219,3069.9980718167963,383.74975897709953,path=ep8_full_context_fine; F kernelB=1036288 mini/SM=94208/52,30.924111366271973,3796.9221657914054,474.6152707239257,path=ep8_full_context_fine; B ringB=1028096 mini/SM=64256/50,39.55692672729492,2969.739711122229,371.2174638902786,path=ep8_full_context_fine; F kernelB=1036288 mini/SM=94208/52; B ringB=1028096 mini/SM=64256/50,71.62833404541016,3279.291961573291,409.91149519666135,1.2440125958323744,-19.541311189892184,-18.216833564385517,True,1.5679078511238271,-36.3603270161407,-35.67860512781651,True,1.4353412681023925,-30.19812634057477,-29.4713987651384,True,1.0777894017510057,-6.96965323715038,-6.380171459659406,True,1.0824853024862746,-7.703883216334783,-4.341928170704708,True,1.0681739482763377,-6.7439447056324315,-2.8565471229526533,True
100k,102400,1036288,1032192,ep8_full_context_fine,F kernelB=1032192 mini/SM=4096/40,37.12001609802246,3163.157138562105,395.39464232026313,B ringB=1032192 mini/SM=4096/28,61.596641540527344,1907.1457990888748,238.39322488610935,F kernelB=1032192 mini/SM=4096/40; B ringB=1032192 mini/SM=4096/28,100.52552032470703,2336.622772976277,292.0778466220346,F kernelB=1032192 mini/SM=4096/52,32.13652801513672,3653.6754639049786,456.70943298812233,B ringB=1032192 mini/SM=43008/50,42.18961524963379,2784.423973930876,348.0529967413595,F kernelB=1032192 mini/SM=4096/52; B ringB=1032192 mini/SM=43008/50,74.4443359375,3155.2463608944395,394.40579511180493,path=ep8_full_context_fine; F kernelB=1036288 mini/SM=94208/52,31.039504051208496,3782.8067004642908,472.85083755803635,path=ep8_full_context_fine; B ringB=1032192 mini/SM=43008/52,39.83246421813965,2949.1968036088165,368.64960045110206,path=ep8_full_context_fine; F kernelB=1036288 mini/SM=94208/52; B ringB=1032192 mini/SM=43008/52,70.9494400024414,3310.670528871226,413.83381610890325,1.1958959149857042,-16.54759226896757,-15.73753056417742,True,1.5463929422793863,-35.497921548170886,-34.22285990660136,True,1.416861363828212,-29.207516178664953,-25.336431829217467,True,1.035342831577411,-3.468406724386602,-2.367031305751985,True,1.0591766308653507,-5.337487715780115,-0.8115007248771058,True,1.0492589643404984,-4.648295957784127,2.0443398977385834,False
100k,102400,1036288,1036288,legacy_terminal_fallback,F kernelB=1036288 mini/SM=4096/40,36.10092735290527,3252.4495217586355,406.55619021982943,B ringB=1036288 mini/SM=4096/28,62.120880126953125,1891.0513809837387,236.38142262296734,F kernelB=1036288 mini/SM=4096/40; B ringB=1036288 mini/SM=4096/28,99.70627212524414,2355.8219061780496,294.4777382722562,F kernelB=1036288 mini/SM=4096/52,31.058015823364258,3780.5520021555985,472.5690002694498,B ringB=1036288 mini/SM=45056/54,40.44275093078613,2904.693015394651,363.08662692433137,F kernelB=1036288 mini/SM=11776/52; B ringB=1036288 mini/SM=94208/54,72.44132995605469,3242.4890625074413,405.31113281343016,path=legacy_terminal_fallback; F kernelB=1036288 mini/SM=4096/52,30.9933443069458,3788.440600057679,473.5550750072099,path=legacy_terminal_fallback; B ringB=1036288 mini/SM=45056/54,40.471696853637695,2902.615538380649,362.8269422975811,path=legacy_terminal_fallback; F kernelB=1036288 mini/SM=11776/52; B ringB=1036288 mini/SM=94208/54,72.9126091003418,3221.5308566553394,402.69135708191743,1.1647961251091845,-14.316899658532567,-13.145380266181581,True,1.534921561396543,-34.528132109649434,-32.451648287822366,True,1.367476398876758,-27.632394438303272,-24.67807387566487,True,1.0020866259471057,-0.4440301689267512,0.6928465741096699,False,0.9992847860331568,-0.1566354598632136,4.629228589882011,False,0.9935363834856253,0.427562573490603,4.799697763656723,False
